{"cameraMode":{"drawMode":0,"name":"Shaded","section":"Shading Mode"},"sceneLighting":false,"audioPlay":false,"sceneViewState":{"m_AlwaysRefresh":false,"showFog":true,"showSkybox":false,"showFlares":true,"showImageEffects":true,"showParticleSystems":true,"showVisualEffectGraphs":true,"m_FxEnabled":true},"in2DMode":false,"pivot":{"x":2631.200927734375,"y":467.6172790527344,"z":24.858245849609376},"rotation":{"x":-0.0003094468847848475,"y":0.011096834205091,"z":-0.0000035040604871028337,"w":-0.9999378323554993},"size":734.4898681640625,"orthographic":false}