{"cameraMode":{"drawMode":0,"name":"Shaded","section":"Shading Mode"},"sceneLighting":true,"audioPlay":false,"sceneViewState":{"m_AlwaysRefresh":false,"showFog":true,"showSkybox":true,"showFlares":true,"showImageEffects":true,"showParticleSystems":true,"showVisualEffectGraphs":true,"m_FxEnabled":true},"in2DMode":false,"pivot":{"x":-5.120021343231201,"y":3.706799268722534,"z":90.01580810546875},"rotation":{"x":-0.0003094468847848475,"y":0.011096834205091,"z":-0.0000035040604871028337,"w":-0.9999378323554993},"size":3.049560546875,"orthographic":false}