{"cameraMode":{"drawMode":0,"name":"Shaded","section":"Shading Mode"},"sceneLighting":true,"audioPlay":false,"sceneViewState":{"m_AlwaysRefresh":false,"showFog":true,"showSkybox":true,"showFlares":true,"showImageEffects":true,"showParticleSystems":true,"showVisualEffectGraphs":true,"m_FxEnabled":true},"in2DMode":false,"pivot":{"x":-16.44619369506836,"y":-14.122393608093262,"z":62.78619384765625},"rotation":{"x":-0.07417149841785431,"y":0.16732379794120789,"z":-0.012625012546777726,"w":-0.9830266237258911},"size":44.19562530517578,"orthographic":false}